{
  "attn_mask_type": "AttnMaskType.CAUSAL_MASK",
  "compile_and_first_run_s": 6.257665385026485,
  "compute_capability_0": 100,
  "cp": "ring",
  "cp_size": 4,
  "cudnn_version": 92300,
  "distributed": true,
  "dtype": "bf16",
  "global_shape": [
    2,
    32768,
    128,
    128
  ],
  "iters": 10,
  "jax_devices": [
    "cuda:0",
    "cuda:1",
    "cuda:2",
    "cuda:3"
  ],
  "jax_version": "0.10.2.dev20260610+39b296a07",
  "layout": "bshd",
  "local_device_count": 1,
  "max_s": 0.06055523606482893,
  "mean_s": 0.06051391410874203,
  "median_s": 0.060514531505759805,
  "min_s": 0.06046192301437259,
  "mode": "fwd_bwd",
  "num_processes": 4,
  "nvte_fused_ring_attention_use_scan": "0",
  "p20_s": 0.06049896078184247,
  "p80_s": 0.060536170215345915,
  "padding_tokens": 0,
  "process_id": 0,
  "qkv_layout": "QKVLayout.BSHD_BSHD_BSHD",
  "segment_len": 32768,
  "segments": 1,
  "stdev_s": 2.8316854488322928e-05,
  "stripe_size": null,
  "te_version": "2.17.0.dev0+9b06f268",
  "times_s": [
    0.0605330920079723,
    0.060517154983244836,
    0.06050563603639603,
    0.060511908028274775,
    0.06055523606482893,
    0.060548483044840395,
    0.06048224400728941,
    0.06052032392472029,
    0.06046192301437259,
    0.060503139975480735
  ],
  "warmup": 3,
  "xla_flags": "--xla_gpu_experimental_enable_nvshmem=true --xla_gpu_enable_latency_hiding_scheduler=true --xla_gpu_enable_command_buffer=''"
}
