{
  "attn_mask_type": "AttnMaskType.CAUSAL_MASK",
  "compile_and_first_run_s": 10.47778906300664,
  "compute_capability_0": 100,
  "cp": "ring",
  "cp_size": 4,
  "cudnn_version": 92300,
  "distributed": true,
  "dtype": "bf16",
  "global_shape": [
    2,
    32768,
    128,
    128
  ],
  "iters": 10,
  "jax_devices": [
    "cuda:0",
    "cuda:1",
    "cuda:2",
    "cuda:3"
  ],
  "jax_version": "0.10.2.dev20260610+39b296a07",
  "layout": "bshd",
  "local_device_count": 1,
  "max_s": 0.06055613805074245,
  "mean_s": 0.06049665930913761,
  "median_s": 0.06048876146087423,
  "min_s": 0.06043988198507577,
  "mode": "fwd_bwd",
  "num_processes": 4,
  "nvte_fused_ring_attention_use_scan": "0",
  "p20_s": 0.06046423320658505,
  "p80_s": 0.060535690071992575,
  "padding_tokens": 0,
  "process_id": 0,
  "qkv_layout": "QKVLayout.BSHD_BSHD_BSHD",
  "segment_len": 32768,
  "segments": 1,
  "stdev_s": 4.041824025284016e-05,
  "stripe_size": null,
  "te_version": "2.17.0.dev0+9b06f268",
  "times_s": [
    0.06053393008187413,
    0.06054273003246635,
    0.06043988198507577,
    0.06050519295968115,
    0.06055613805074245,
    0.06052173802163452,
    0.06047156103886664,
    0.060457065934315324,
    0.060472329962067306,
    0.06046602502465248
  ],
  "warmup": 3,
  "xla_flags": "--xla_gpu_experimental_enable_nvshmem=true --xla_gpu_collective_permute_mode=symmetric --xla_gpu_enable_latency_hiding_scheduler=true"
}
