{
  "attn_mask_type": "AttnMaskType.CAUSAL_MASK",
  "compile_and_first_run_s": 6.185933830915019,
  "compute_capability_0": 100,
  "cp": "ring",
  "cp_size": 4,
  "cudnn_version": 92300,
  "distributed": true,
  "dtype": "bf16",
  "global_shape": [
    2,
    32768,
    128,
    128
  ],
  "iters": 10,
  "jax_devices": [
    "cuda:0",
    "cuda:1",
    "cuda:2",
    "cuda:3"
  ],
  "jax_version": "0.10.2.dev20260610+39b296a07",
  "layout": "bshd",
  "local_device_count": 1,
  "max_s": 0.06057248404249549,
  "mean_s": 0.06050447738962248,
  "median_s": 0.060498579463455826,
  "min_s": 0.060468835989013314,
  "mode": "fwd_bwd",
  "num_processes": 4,
  "nvte_fused_ring_attention_use_scan": "0",
  "p20_s": 0.060476118419319394,
  "p80_s": 0.060528643964789804,
  "padding_tokens": 0,
  "process_id": 0,
  "qkv_layout": "QKVLayout.BSHD_BSHD_BSHD",
  "segment_len": 32768,
  "segments": 1,
  "stdev_s": 3.336804896245437e-05,
  "stripe_size": null,
  "te_version": "2.17.0.dev0+9b06f268",
  "times_s": [
    0.06053747597616166,
    0.06047766702249646,
    0.060468835989013314,
    0.06048477196600288,
    0.060526435961946845,
    0.060510020004585385,
    0.06046992400661111,
    0.0605073319748044,
    0.06057248404249549,
    0.06048982695210725
  ],
  "warmup": 3,
  "xla_flags": "--xla_gpu_enable_latency_hiding_scheduler=true --xla_gpu_enable_command_buffer=''"
}
