{
  "attn_mask_type": "AttnMaskType.PADDING_CAUSAL_MASK",
  "compile_and_first_run_s": 7.590496542979963,
  "compute_capability_0": 100,
  "cp": "ring",
  "cp_size": 4,
  "cudnn_version": 92300,
  "distributed": true,
  "dtype": "bf16",
  "global_shape": [
    2,
    32768,
    128,
    128
  ],
  "iters": 10,
  "jax_devices": [
    "cuda:0",
    "cuda:1",
    "cuda:2",
    "cuda:3"
  ],
  "jax_version": "0.10.2.dev20260610+39b296a07",
  "layout": "thd",
  "local_device_count": 1,
  "max_s": 0.0349673560122028,
  "mean_s": 0.034888152487110344,
  "median_s": 0.0349117714795284,
  "min_s": 0.034747419063933194,
  "mode": "fwd_bwd",
  "num_processes": 4,
  "nvte_fused_ring_attention_use_scan": "0",
  "p20_s": 0.034827317600138484,
  "p80_s": 0.03494554481003433,
  "padding_tokens": 0,
  "process_id": 0,
  "qkv_layout": "QKVLayout.THD_THD_THD",
  "segment_len": 2048,
  "segments": 16,
  "stdev_s": 7.342674519788666e-05,
  "stripe_size": 1,
  "te_version": "2.17.0.dev0+9b06f268",
  "times_s": [
    0.034813339938409626,
    0.034921242971904576,
    0.0348545559681952,
    0.034747419063933194,
    0.03496300394181162,
    0.0348308120155707,
    0.03490229998715222,
    0.03494031494483352,
    0.03494118002709001,
    0.0349673560122028
  ],
  "warmup": 3,
  "xla_flags": "--xla_gpu_experimental_enable_nvshmem=true --xla_gpu_enable_latency_hiding_scheduler=true --xla_gpu_enable_command_buffer=''"
}
