{
  "attn_mask_type": "AttnMaskType.PADDING_CAUSAL_MASK",
  "compile_and_first_run_s": 7.522786839981563,
  "compute_capability_0": 100,
  "cp": "ring",
  "cp_size": 4,
  "cudnn_version": 92300,
  "distributed": true,
  "dtype": "bf16",
  "global_shape": [
    2,
    32768,
    128,
    128
  ],
  "iters": 10,
  "jax_devices": [
    "cuda:0",
    "cuda:1",
    "cuda:2",
    "cuda:3"
  ],
  "jax_version": "0.10.2.dev20260610+39b296a07",
  "layout": "thd",
  "local_device_count": 1,
  "max_s": 0.03511017095297575,
  "mean_s": 0.034938947996124625,
  "median_s": 0.03493559401249513,
  "min_s": 0.034786522039212286,
  "mode": "fwd_bwd",
  "num_processes": 4,
  "nvte_fused_ring_attention_use_scan": "0",
  "p20_s": 0.034902272606268527,
  "p80_s": 0.03498942772857845,
  "padding_tokens": 0,
  "process_id": 0,
  "qkv_layout": "QKVLayout.THD_THD_THD",
  "segment_len": 2048,
  "segments": 16,
  "stdev_s": 8.99704791407517e-05,
  "stripe_size": 1,
  "te_version": "2.17.0.dev0+9b06f268",
  "times_s": [
    0.034982297918759286,
    0.03494210704229772,
    0.03492825001012534,
    0.03493573796004057,
    0.03483087499625981,
    0.03493545006494969,
    0.03511017095297575,
    0.034920122008770704,
    0.035017946967855096,
    0.034786522039212286
  ],
  "warmup": 3,
  "xla_flags": "--xla_gpu_experimental_enable_nvshmem=true --xla_gpu_collective_permute_mode=symmetric --xla_gpu_all_gather_mode=symmetric --xla_gpu_enable_latency_hiding_scheduler=true"
}
