{
  "attn_mask_type": "AttnMaskType.PADDING_CAUSAL_MASK",
  "compile_and_first_run_s": 7.5399743870366365,
  "compute_capability_0": 100,
  "cp": "ring",
  "cp_size": 4,
  "cudnn_version": 92300,
  "distributed": true,
  "dtype": "bf16",
  "global_shape": [
    2,
    32768,
    128,
    128
  ],
  "iters": 10,
  "jax_devices": [
    "cuda:0",
    "cuda:1",
    "cuda:2",
    "cuda:3"
  ],
  "jax_version": "0.10.2.dev20260610+39b296a07",
  "layout": "thd",
  "local_device_count": 1,
  "max_s": 0.03493202500976622,
  "mean_s": 0.03487032561097294,
  "median_s": 0.03489823249401525,
  "min_s": 0.03476095199584961,
  "mode": "fwd_bwd",
  "num_processes": 4,
  "nvte_fused_ring_attention_use_scan": "0",
  "p20_s": 0.03481644741259515,
  "p80_s": 0.03491313860286027,
  "padding_tokens": 0,
  "process_id": 0,
  "qkv_layout": "QKVLayout.THD_THD_THD",
  "segment_len": 2048,
  "segments": 16,
  "stdev_s": 5.9291847028027747e-05,
  "stripe_size": 1,
  "te_version": "2.17.0.dev0+9b06f268",
  "times_s": [
    0.034908185014501214,
    0.034923737053759396,
    0.03482194500975311,
    0.03489183192141354,
    0.03479445702396333,
    0.034855001023970544,
    0.03476095199584961,
    0.03493202500976622,
    0.03490463306661695,
    0.03491048899013549
  ],
  "warmup": 3,
  "xla_flags": "--xla_gpu_enable_latency_hiding_scheduler=true --xla_gpu_enable_command_buffer=''"
}
